{
  "train_loss": [
    2.323550562441201,
    1.7120463268802149,
    1.4963899446262199,
    1.3450161106423049,
    1.242880616573929,
    0.9377304248628687,
    0.711974211990784,
    0.5863410433666653,
    0.5025916557103813,
    0.44397054442829775,
    0.37537024225532073,
    0.3346655781201643,
    0.28443164365176915,
    0.25148566724758664,
    0.22053516231643375,
    0.1963533144205821,
    0.17197111994797143,
    0.15335225647997533,
    0.1359234046641642,
    0.12562012709877174,
    0.10275766439236006,
    0.092618776841972,
    0.08447075156574957,
    0.07730505391601611,
    0.07107574409183459,
    0.061990490626112324,
    0.05938905505877808,
    0.05595502664445046,
    0.0561994648681093,
    0.05187590942605807
  ],
  "val_loss": [
    1.6851074602545761,
    1.4728999125171376,
    1.3843097026647484,
    1.4002260699397073,
    1.3169684238011705,
    1.063179636763471,
    0.914421507164284,
    0.864048007892507,
    0.8305567331107329,
    0.8050099792034645,
    0.768905432825166,
    0.7938555137251774,
    0.7623829332706136,
    0.7737745850352872,
    0.7607915589293127,
    0.7639316935455653,
    0.7471215113734132,
    0.745262401692852,
    0.7699514465964321,
    0.7579778163457439,
    0.7620799359447359,
    0.7375965802698937,
    0.7314488411199574,
    0.7373551345667562,
    0.7345967339416133,
    0.7296818972282135,
    0.730564461205434,
    0.7279547078445783,
    0.7244086866552648,
    0.7241506997581072
  ],
  "train_acc": [
    0.40748864574731625,
    0.5435332369942196,
    0.5909372419488026,
    0.6303158546655656,
    0.6564822460776218,
    0.7329686209744013,
    0.7931461601981833,
    0.8268218414533444,
    0.8490916597853014,
    0.8642908753096614,
    0.8855026837324526,
    0.8969859620148638,
    0.9115142444260942,
    0.9208556977704376,
    0.9288552848885219,
    0.9370097027250206,
    0.9459640792733278,
    0.950067093311313,
    0.9570086705202312,
    0.9596407927332783,
    0.9658598265895953,
    0.9700402559867878,
    0.9726207679603633,
    0.9736787778695293,
    0.9778592072667217,
    0.9804913294797688,
    0.9813428984310487,
    0.9814977291494632,
    0.9822718827415359,
    0.9838976052848886
  ],
  "val_acc": [
    0.5540198735320686,
    0.602710027100271,
    0.6290876242095754,
    0.6227642276422765,
    0.6486901535682024,
    0.7212285456187896,
    0.747877145438121,
    0.7714543812104788,
    0.7865401987353207,
    0.7947606142728094,
    0.8043360433604336,
    0.8118337850045168,
    0.8214995483288167,
    0.8188798554652214,
    0.8246612466124661,
    0.8315266485998193,
    0.8336043360433605,
    0.8383920505871726,
    0.8398373983739837,
    0.8444444444444444,
    0.8457994579945799,
    0.8470641373080398,
    0.8529358626919602,
    0.8532068654019873,
    0.8523035230352304,
    0.8553748870822041,
    0.8569105691056911,
    0.8579945799457994,
    0.8574525745257453,
    0.8594399277326107
  ],
  "val_top3": [
    0.753929539295393,
    0.7959349593495935,
    0.8110207768744354,
    0.8167118337850046,
    0.8353206865401988,
    0.8821138211382114,
    0.9030713640469739,
    0.9140018066847335,
    0.9231255645889792,
    0.922583559168925,
    0.9321589882565492,
    0.930713640469738,
    0.9348690153568202,
    0.9338753387533876,
    0.9398373983739837,
    0.9371273712737127,
    0.9382113821138212,
    0.942457091237579,
    0.9382113821138212,
    0.9418247515808491,
    0.9421860885275519,
    0.9440831074977416,
    0.9453477868112015,
    0.9446251129177958,
    0.9454381210478772,
    0.9464317976513098,
    0.9470641373080397,
    0.9476964769647697,
    0.946973803071364,
    0.9472448057813911
  ]
}